"Osinski, Feest and Bogisich"
"Runolfsdottir - Hermann"
"Hahn, Altenwerth and Weissnat"
"Runolfsdottir - Mitchell"
"Fadel Group"
"Grimes, Bins and Reichel"
"Macejkovic Group"
"Braun - Heller"
"Stehr, Lowe and Berge"
"Altenwerth, Leannon and Runolfsdottir"
"Thompson - Sanford"
"Willms and Sons"
"Rau, Wintheiser and Parisian"
"Larkin Inc"
"Upton and Sons"
"Lowe and Sons"
"Yost - Yundt"
"Klocko, Hamill and Lemke"
"Hermann - Collins"
"Gleason Inc"
"Luettgen - Bode"
"Wunsch, Krajcik and Walker"
"Harber - Herman"
"Wilkinson Group"
"Ward - Huel"
"Goyette, Kreiger and O'Conner"
"Hane - Shields"
"Luettgen Group"
"Ortiz - Herman"
"Conn, Brown and Cole"
"Jerde - Rohan"
"Fay, Maggio and Hackett"
"Jones - Russel"
"Weimann, Leffler and Koepp"
"Cormier, Reichert and Nikolaus"
"Deckow - Mayer"
"Nienow - Bernhard"
"West, Bruen and Miller"
"Rohan Group"
"Herzog Group"
"Hirthe Group"
"Mitchell LLC"
"Jones Inc"
"Fritsch - Reichert"
"Beier LLC"
"Stehr - Schowalter"
"Carroll and Sons"
"Borer - Rodriguez"
"Bayer - Wehner"
"Barton - Stracke"
"Kiehn - Hudson"
"Tromp LLC"
"Spinka - Becker"
"Lebsack, Simonis and Sawayn"
"Carroll, Lesch and Hansen"
"O'Connell, Graham and Leannon"
"Stracke, Trantow and Funk"
"Schaefer, Funk and Gerlach"
"Sawayn, Ritchie and Sporer"
"Thiel - Gusikowski"
"Jenkins - Hayes"
"Wisoky - Emard"
"Deckow, Olson and Haag"
"Krajcik - Dooley"
"Stamm, Raynor and Reichert"
"Conn Group"
"Heller - Carter"
"Quitzon - Little"
"Metz, McClure and Gottlieb"
"Dietrich - Frami"
"Runolfsson - Volkman"
"Bogan, Goyette and Hickle"
"Kuphal, Ratke and Schiller"
"Jast and Sons"
"Bayer, Jerde and Jakubowski"
"Lang - Stoltenberg"
"Daugherty, Reynolds and Funk"
"Leuschke LLC"
"Quigley Group"
"Krajcik - Cremin"
"Harber, Balistreri and Cummings"
"Eichmann - VonRueden"
"Mueller Group"
"Wolf - Daniel"
"Bosco, Hermann and Monahan"
"Champlin Inc"
"Bayer - Schmidt"
"Lehner - Leuschke"
"Kilback, Stokes and Lakin"
"Schmeler Group"
"Collier, Stoltenberg and Olson"
"Pagac and Sons"
"Murazik Group"
"Lowe, Osinski and Daugherty"
"Becker, Brown and Casper"
"Schuppe - Bailey"
"Dicki, White and Padberg"
"Conroy - Kertzmann"
"Fahey - Buckridge"
"Walsh - Mayert"