1, "et", "https://d1913pi70etn58.cloudfront.net/photos/business0.png", 10, 10, 1
1, "ratione", "https://d1913pi70etn58.cloudfront.net/photos/business0.png", 10, 10, 1
2, "sint", "https://d1913pi70etn58.cloudfront.net/photos/business0.png", 10, 10, 2
2, "non", "https://d1913pi70etn58.cloudfront.net/photos/business0.png", 10, 10, 2
3, "fugiat", "https://d1913pi70etn58.cloudfront.net/photos/business0.png", 10, 10, 3
3, "occaecati", "https://d1913pi70etn58.cloudfront.net/photos/business0.png", 10, 10, 3
4, "maxime", "https://d1913pi70etn58.cloudfront.net/photos/business0.png", 10, 10, 4
4, "ut", "https://d1913pi70etn58.cloudfront.net/photos/business0.png", 10, 10, 4
5, "et", "https://d1913pi70etn58.cloudfront.net/photos/business0.png", 10, 10, 5
5, "enim", "https://d1913pi70etn58.cloudfront.net/photos/business0.png", 10, 10, 5
6, "enim", "https://d1913pi70etn58.cloudfront.net/photos/business0.png", 10, 10, 6
6, "incidunt", "https://d1913pi70etn58.cloudfront.net/photos/business0.png", 10, 10, 6
7, "dolorem", "https://d1913pi70etn58.cloudfront.net/photos/business0.png", 10, 10, 7
7, "molestiae", "https://d1913pi70etn58.cloudfront.net/photos/business0.png", 10, 10, 7
8, "repellendus", "https://d1913pi70etn58.cloudfront.net/photos/business0.png", 10, 10, 8
8, "tempore", "https://d1913pi70etn58.cloudfront.net/photos/business0.png", 10, 10, 8
9, "et", "https://d1913pi70etn58.cloudfront.net/photos/business0.png", 10, 10, 9
9, "voluptatum", "https://d1913pi70etn58.cloudfront.net/photos/business0.png", 10, 10, 9
10, "sint", "https://d1913pi70etn58.cloudfront.net/photos/business0.png", 10, 10, 10
10, "eos", "https://d1913pi70etn58.cloudfront.net/photos/business0.png", 10, 10, 10
11, "qui", "https://d1913pi70etn58.cloudfront.net/photos/business0.png", 10, 10, 11
11, "temporibus", "https://d1913pi70etn58.cloudfront.net/photos/business0.png", 10, 10, 11
12, "veniam", "https://d1913pi70etn58.cloudfront.net/photos/business0.png", 10, 10, 12
12, "in", "https://d1913pi70etn58.cloudfront.net/photos/business0.png", 10, 10, 12
13, "incidunt", "https://d1913pi70etn58.cloudfront.net/photos/business0.png", 10, 10, 13
13, "ullam", "https://d1913pi70etn58.cloudfront.net/photos/business0.png", 10, 10, 13
14, "quia", "https://d1913pi70etn58.cloudfront.net/photos/business0.png", 10, 10, 14
14, "rerum", "https://d1913pi70etn58.cloudfront.net/photos/business0.png", 10, 10, 14
15, "sit", "https://d1913pi70etn58.cloudfront.net/photos/business0.png", 10, 10, 15
15, "labore", "https://d1913pi70etn58.cloudfront.net/photos/business0.png", 10, 10, 15
16, "voluptatibus", "https://d1913pi70etn58.cloudfront.net/photos/business0.png", 10, 10, 16
16, "ullam", "https://d1913pi70etn58.cloudfront.net/photos/business0.png", 10, 10, 16
17, "id", "https://d1913pi70etn58.cloudfront.net/photos/business0.png", 10, 10, 17
17, "rerum", "https://d1913pi70etn58.cloudfront.net/photos/business0.png", 10, 10, 17
18, "nihil", "https://d1913pi70etn58.cloudfront.net/photos/business0.png", 10, 10, 18
18, "corrupti", "https://d1913pi70etn58.cloudfront.net/photos/business0.png", 10, 10, 18
19, "veniam", "https://d1913pi70etn58.cloudfront.net/photos/business0.png", 10, 10, 19
19, "neque", "https://d1913pi70etn58.cloudfront.net/photos/business0.png", 10, 10, 19
20, "accusamus", "https://d1913pi70etn58.cloudfront.net/photos/business0.png", 10, 10, 20
20, "assumenda", "https://d1913pi70etn58.cloudfront.net/photos/business0.png", 10, 10, 20
21, "optio", "https://d1913pi70etn58.cloudfront.net/photos/business0.png", 10, 10, 21
21, "nihil", "https://d1913pi70etn58.cloudfront.net/photos/business0.png", 10, 10, 21
22, "id", "https://d1913pi70etn58.cloudfront.net/photos/business0.png", 10, 10, 22
22, "quia", "https://d1913pi70etn58.cloudfront.net/photos/business0.png", 10, 10, 22
23, "quia", "https://d1913pi70etn58.cloudfront.net/photos/business0.png", 10, 10, 23
23, "consequatur", "https://d1913pi70etn58.cloudfront.net/photos/business0.png", 10, 10, 23
24, "delectus", "https://d1913pi70etn58.cloudfront.net/photos/business0.png", 10, 10, 24
24, "laudantium", "https://d1913pi70etn58.cloudfront.net/photos/business0.png", 10, 10, 24
25, "voluptatem", "https://d1913pi70etn58.cloudfront.net/photos/business0.png", 10, 10, 25
25, "commodi", "https://d1913pi70etn58.cloudfront.net/photos/business0.png", 10, 10, 25
26, "laudantium", "https://d1913pi70etn58.cloudfront.net/photos/business0.png", 10, 10, 26
26, "officiis", "https://d1913pi70etn58.cloudfront.net/photos/business0.png", 10, 10, 26
27, "ipsum", "https://d1913pi70etn58.cloudfront.net/photos/business0.png", 10, 10, 27
27, "facere", "https://d1913pi70etn58.cloudfront.net/photos/business0.png", 10, 10, 27
28, "porro", "https://d1913pi70etn58.cloudfront.net/photos/business0.png", 10, 10, 28
28, "ab", "https://d1913pi70etn58.cloudfront.net/photos/business0.png", 10, 10, 28
29, "ullam", "https://d1913pi70etn58.cloudfront.net/photos/business0.png", 10, 10, 29
29, "est", "https://d1913pi70etn58.cloudfront.net/photos/business0.png", 10, 10, 29
30, "voluptatem", "https://d1913pi70etn58.cloudfront.net/photos/business0.png", 10, 10, 30
30, "consequuntur", "https://d1913pi70etn58.cloudfront.net/photos/business0.png", 10, 10, 30
31, "pariatur", "https://d1913pi70etn58.cloudfront.net/photos/business0.png", 10, 10, 31
31, "facere", "https://d1913pi70etn58.cloudfront.net/photos/business0.png", 10, 10, 31
32, "non", "https://d1913pi70etn58.cloudfront.net/photos/business0.png", 10, 10, 32
32, "praesentium", "https://d1913pi70etn58.cloudfront.net/photos/business0.png", 10, 10, 32
33, "voluptate", "https://d1913pi70etn58.cloudfront.net/photos/business0.png", 10, 10, 33
33, "tempore", "https://d1913pi70etn58.cloudfront.net/photos/business0.png", 10, 10, 33
34, "aspernatur", "https://d1913pi70etn58.cloudfront.net/photos/business0.png", 10, 10, 34
34, "et", "https://d1913pi70etn58.cloudfront.net/photos/business0.png", 10, 10, 34
35, "ducimus", "https://d1913pi70etn58.cloudfront.net/photos/business0.png", 10, 10, 35
35, "ullam", "https://d1913pi70etn58.cloudfront.net/photos/business0.png", 10, 10, 35
36, "necessitatibus", "https://d1913pi70etn58.cloudfront.net/photos/business0.png", 10, 10, 36
36, "dolores", "https://d1913pi70etn58.cloudfront.net/photos/business0.png", 10, 10, 36
37, "quas", "https://d1913pi70etn58.cloudfront.net/photos/business0.png", 10, 10, 37
37, "quis", "https://d1913pi70etn58.cloudfront.net/photos/business0.png", 10, 10, 37
38, "rem", "https://d1913pi70etn58.cloudfront.net/photos/business0.png", 10, 10, 38
38, "facere", "https://d1913pi70etn58.cloudfront.net/photos/business0.png", 10, 10, 38
39, "eum", "https://d1913pi70etn58.cloudfront.net/photos/business0.png", 10, 10, 39
39, "consequatur", "https://d1913pi70etn58.cloudfront.net/photos/business0.png", 10, 10, 39
40, "est", "https://d1913pi70etn58.cloudfront.net/photos/business0.png", 10, 10, 40
40, "doloribus", "https://d1913pi70etn58.cloudfront.net/photos/business0.png", 10, 10, 40
41, "excepturi", "https://d1913pi70etn58.cloudfront.net/photos/business0.png", 10, 10, 41
41, "at", "https://d1913pi70etn58.cloudfront.net/photos/business0.png", 10, 10, 41
42, "consequatur", "https://d1913pi70etn58.cloudfront.net/photos/business0.png", 10, 10, 42
42, "earum", "https://d1913pi70etn58.cloudfront.net/photos/business0.png", 10, 10, 42
43, "temporibus", "https://d1913pi70etn58.cloudfront.net/photos/business0.png", 10, 10, 43
43, "et", "https://d1913pi70etn58.cloudfront.net/photos/business0.png", 10, 10, 43
44, "itaque", "https://d1913pi70etn58.cloudfront.net/photos/business0.png", 10, 10, 44
44, "ipsam", "https://d1913pi70etn58.cloudfront.net/photos/business0.png", 10, 10, 44
45, "voluptatum", "https://d1913pi70etn58.cloudfront.net/photos/business0.png", 10, 10, 45
45, "ipsa", "https://d1913pi70etn58.cloudfront.net/photos/business0.png", 10, 10, 45
46, "facilis", "https://d1913pi70etn58.cloudfront.net/photos/business0.png", 10, 10, 46
46, "eos", "https://d1913pi70etn58.cloudfront.net/photos/business0.png", 10, 10, 46
47, "vitae", "https://d1913pi70etn58.cloudfront.net/photos/business0.png", 10, 10, 47
47, "dolor", "https://d1913pi70etn58.cloudfront.net/photos/business0.png", 10, 10, 47
48, "ut", "https://d1913pi70etn58.cloudfront.net/photos/business0.png", 10, 10, 48
48, "expedita", "https://d1913pi70etn58.cloudfront.net/photos/business0.png", 10, 10, 48
49, "suscipit", "https://d1913pi70etn58.cloudfront.net/photos/business0.png", 10, 10, 49
49, "odit", "https://d1913pi70etn58.cloudfront.net/photos/business0.png", 10, 10, 49
50, "facilis", "https://d1913pi70etn58.cloudfront.net/photos/business0.png", 10, 10, 50
50, "pariatur", "https://d1913pi70etn58.cloudfront.net/photos/business0.png", 10, 10, 50
51, "provident", "https://d1913pi70etn58.cloudfront.net/photos/business0.png", 10, 10, 51
51, "non", "https://d1913pi70etn58.cloudfront.net/photos/business0.png", 10, 10, 51
52, "est", "https://d1913pi70etn58.cloudfront.net/photos/business0.png", 10, 10, 52
52, "nihil", "https://d1913pi70etn58.cloudfront.net/photos/business0.png", 10, 10, 52
53, "est", "https://d1913pi70etn58.cloudfront.net/photos/business0.png", 10, 10, 53
53, "aliquam", "https://d1913pi70etn58.cloudfront.net/photos/business0.png", 10, 10, 53
54, "illo", "https://d1913pi70etn58.cloudfront.net/photos/business0.png", 10, 10, 54
54, "blanditiis", "https://d1913pi70etn58.cloudfront.net/photos/business0.png", 10, 10, 54
55, "consequuntur", "https://d1913pi70etn58.cloudfront.net/photos/business0.png", 10, 10, 55
55, "et", "https://d1913pi70etn58.cloudfront.net/photos/business0.png", 10, 10, 55
56, "qui", "https://d1913pi70etn58.cloudfront.net/photos/business0.png", 10, 10, 56
56, "sunt", "https://d1913pi70etn58.cloudfront.net/photos/business0.png", 10, 10, 56
57, "aut", "https://d1913pi70etn58.cloudfront.net/photos/business0.png", 10, 10, 57
57, "ipsum", "https://d1913pi70etn58.cloudfront.net/photos/business0.png", 10, 10, 57
58, "in", "https://d1913pi70etn58.cloudfront.net/photos/business0.png", 10, 10, 58
58, "autem", "https://d1913pi70etn58.cloudfront.net/photos/business0.png", 10, 10, 58
59, "sed", "https://d1913pi70etn58.cloudfront.net/photos/business0.png", 10, 10, 59
59, "ullam", "https://d1913pi70etn58.cloudfront.net/photos/business0.png", 10, 10, 59
60, "qui", "https://d1913pi70etn58.cloudfront.net/photos/business0.png", 10, 10, 60
60, "similique", "https://d1913pi70etn58.cloudfront.net/photos/business0.png", 10, 10, 60
61, "dolor", "https://d1913pi70etn58.cloudfront.net/photos/business0.png", 10, 10, 61
61, "ut", "https://d1913pi70etn58.cloudfront.net/photos/business0.png", 10, 10, 61
62, "exercitationem", "https://d1913pi70etn58.cloudfront.net/photos/business0.png", 10, 10, 62
62, "vel", "https://d1913pi70etn58.cloudfront.net/photos/business0.png", 10, 10, 62
63, "ab", "https://d1913pi70etn58.cloudfront.net/photos/business0.png", 10, 10, 63
63, "quae", "https://d1913pi70etn58.cloudfront.net/photos/business0.png", 10, 10, 63
64, "facere", "https://d1913pi70etn58.cloudfront.net/photos/business0.png", 10, 10, 64
64, "illum", "https://d1913pi70etn58.cloudfront.net/photos/business0.png", 10, 10, 64
65, "assumenda", "https://d1913pi70etn58.cloudfront.net/photos/business0.png", 10, 10, 65
65, "non", "https://d1913pi70etn58.cloudfront.net/photos/business0.png", 10, 10, 65
66, "rerum", "https://d1913pi70etn58.cloudfront.net/photos/business0.png", 10, 10, 66
66, "similique", "https://d1913pi70etn58.cloudfront.net/photos/business0.png", 10, 10, 66
67, "explicabo", "https://d1913pi70etn58.cloudfront.net/photos/business0.png", 10, 10, 67
67, "natus", "https://d1913pi70etn58.cloudfront.net/photos/business0.png", 10, 10, 67
68, "doloremque", "https://d1913pi70etn58.cloudfront.net/photos/business0.png", 10, 10, 68
68, "ea", "https://d1913pi70etn58.cloudfront.net/photos/business0.png", 10, 10, 68
69, "libero", "https://d1913pi70etn58.cloudfront.net/photos/business0.png", 10, 10, 69
69, "voluptatum", "https://d1913pi70etn58.cloudfront.net/photos/business0.png", 10, 10, 69
70, "unde", "https://d1913pi70etn58.cloudfront.net/photos/business0.png", 10, 10, 70
70, "est", "https://d1913pi70etn58.cloudfront.net/photos/business0.png", 10, 10, 70
71, "dolorem", "https://d1913pi70etn58.cloudfront.net/photos/business0.png", 10, 10, 71
71, "inventore", "https://d1913pi70etn58.cloudfront.net/photos/business0.png", 10, 10, 71
72, "qui", "https://d1913pi70etn58.cloudfront.net/photos/business0.png", 10, 10, 72
72, "porro", "https://d1913pi70etn58.cloudfront.net/photos/business0.png", 10, 10, 72
73, "dignissimos", "https://d1913pi70etn58.cloudfront.net/photos/business0.png", 10, 10, 73
73, "aperiam", "https://d1913pi70etn58.cloudfront.net/photos/business0.png", 10, 10, 73
74, "repellat", "https://d1913pi70etn58.cloudfront.net/photos/business0.png", 10, 10, 74
74, "aut", "https://d1913pi70etn58.cloudfront.net/photos/business0.png", 10, 10, 74
75, "est", "https://d1913pi70etn58.cloudfront.net/photos/business0.png", 10, 10, 75
75, "animi", "https://d1913pi70etn58.cloudfront.net/photos/business0.png", 10, 10, 75
76, "qui", "https://d1913pi70etn58.cloudfront.net/photos/business0.png", 10, 10, 76
76, "recusandae", "https://d1913pi70etn58.cloudfront.net/photos/business0.png", 10, 10, 76
77, "delectus", "https://d1913pi70etn58.cloudfront.net/photos/business0.png", 10, 10, 77
77, "et", "https://d1913pi70etn58.cloudfront.net/photos/business0.png", 10, 10, 77
78, "reprehenderit", "https://d1913pi70etn58.cloudfront.net/photos/business0.png", 10, 10, 78
78, "cumque", "https://d1913pi70etn58.cloudfront.net/photos/business0.png", 10, 10, 78
79, "labore", "https://d1913pi70etn58.cloudfront.net/photos/business0.png", 10, 10, 79
79, "qui", "https://d1913pi70etn58.cloudfront.net/photos/business0.png", 10, 10, 79
80, "temporibus", "https://d1913pi70etn58.cloudfront.net/photos/business0.png", 10, 10, 80
80, "veritatis", "https://d1913pi70etn58.cloudfront.net/photos/business0.png", 10, 10, 80
81, "maxime", "https://d1913pi70etn58.cloudfront.net/photos/business0.png", 10, 10, 81
81, "nesciunt", "https://d1913pi70etn58.cloudfront.net/photos/business0.png", 10, 10, 81
82, "consequuntur", "https://d1913pi70etn58.cloudfront.net/photos/business0.png", 10, 10, 82
82, "quia", "https://d1913pi70etn58.cloudfront.net/photos/business0.png", 10, 10, 82
83, "vero", "https://d1913pi70etn58.cloudfront.net/photos/business0.png", 10, 10, 83
83, "distinctio", "https://d1913pi70etn58.cloudfront.net/photos/business0.png", 10, 10, 83
84, "aut", "https://d1913pi70etn58.cloudfront.net/photos/business0.png", 10, 10, 84
84, "possimus", "https://d1913pi70etn58.cloudfront.net/photos/business0.png", 10, 10, 84
85, "magni", "https://d1913pi70etn58.cloudfront.net/photos/business0.png", 10, 10, 85
85, "reiciendis", "https://d1913pi70etn58.cloudfront.net/photos/business0.png", 10, 10, 85
86, "libero", "https://d1913pi70etn58.cloudfront.net/photos/business0.png", 10, 10, 86
86, "cupiditate", "https://d1913pi70etn58.cloudfront.net/photos/business0.png", 10, 10, 86
87, "quod", "https://d1913pi70etn58.cloudfront.net/photos/business0.png", 10, 10, 87
87, "labore", "https://d1913pi70etn58.cloudfront.net/photos/business0.png", 10, 10, 87
88, "qui", "https://d1913pi70etn58.cloudfront.net/photos/business0.png", 10, 10, 88
88, "sapiente", "https://d1913pi70etn58.cloudfront.net/photos/business0.png", 10, 10, 88
89, "voluptas", "https://d1913pi70etn58.cloudfront.net/photos/business0.png", 10, 10, 89
89, "quaerat", "https://d1913pi70etn58.cloudfront.net/photos/business0.png", 10, 10, 89
90, "odio", "https://d1913pi70etn58.cloudfront.net/photos/business0.png", 10, 10, 90
90, "optio", "https://d1913pi70etn58.cloudfront.net/photos/business0.png", 10, 10, 90
91, "eos", "https://d1913pi70etn58.cloudfront.net/photos/business0.png", 10, 10, 91
91, "necessitatibus", "https://d1913pi70etn58.cloudfront.net/photos/business0.png", 10, 10, 91
92, "voluptas", "https://d1913pi70etn58.cloudfront.net/photos/business0.png", 10, 10, 92
92, "corporis", "https://d1913pi70etn58.cloudfront.net/photos/business0.png", 10, 10, 92
93, "atque", "https://d1913pi70etn58.cloudfront.net/photos/business0.png", 10, 10, 93
93, "et", "https://d1913pi70etn58.cloudfront.net/photos/business0.png", 10, 10, 93
94, "et", "https://d1913pi70etn58.cloudfront.net/photos/business0.png", 10, 10, 94
94, "hic", "https://d1913pi70etn58.cloudfront.net/photos/business0.png", 10, 10, 94
95, "laudantium", "https://d1913pi70etn58.cloudfront.net/photos/business0.png", 10, 10, 95
95, "omnis", "https://d1913pi70etn58.cloudfront.net/photos/business0.png", 10, 10, 95
96, "velit", "https://d1913pi70etn58.cloudfront.net/photos/business0.png", 10, 10, 96
96, "dolorem", "https://d1913pi70etn58.cloudfront.net/photos/business0.png", 10, 10, 96
97, "veritatis", "https://d1913pi70etn58.cloudfront.net/photos/business0.png", 10, 10, 97
97, "aspernatur", "https://d1913pi70etn58.cloudfront.net/photos/business0.png", 10, 10, 97
98, "sed", "https://d1913pi70etn58.cloudfront.net/photos/business0.png", 10, 10, 98
98, "laudantium", "https://d1913pi70etn58.cloudfront.net/photos/business0.png", 10, 10, 98
99, "cupiditate", "https://d1913pi70etn58.cloudfront.net/photos/business0.png", 10, 10, 99
99, "et", "https://d1913pi70etn58.cloudfront.net/photos/business0.png", 10, 10, 99
100, "occaecati", "https://d1913pi70etn58.cloudfront.net/photos/business0.png", 10, 10, 100100, "nostrum", "https://d1913pi70etn58.cloudfront.net/photos/business0.png", 10, 10, 100