1, "Sylvia", "https://d1913pi70etn58.cloudfront.net/avatar/wonder-woman.png", 1 
2, "Efren", "https://d1913pi70etn58.cloudfront.net/avatar/batman.png", 2 
3, "Daphnee", "https://d1913pi70etn58.cloudfront.net/avatar/wonder-woman.png", 3 
4, "Layne", "https://d1913pi70etn58.cloudfront.net/avatar/batman.png", 4 
5, "Stacey", "https://d1913pi70etn58.cloudfront.net/avatar/wonder-woman.png", 5 
6, "Hiram", "https://d1913pi70etn58.cloudfront.net/avatar/batman.png", 6 
7, "Herminio", "https://d1913pi70etn58.cloudfront.net/avatar/wonder-woman.png", 7 
8, "Claudine", "https://d1913pi70etn58.cloudfront.net/avatar/batman.png", 8 
9, "Kayley", "https://d1913pi70etn58.cloudfront.net/avatar/wonder-woman.png", 9 
10, "Jean", "https://d1913pi70etn58.cloudfront.net/avatar/batman.png", 10 
11, "Alberta", "https://d1913pi70etn58.cloudfront.net/avatar/wonder-woman.png", 11 
12, "Dasia", "https://d1913pi70etn58.cloudfront.net/avatar/batman.png", 12 
13, "Ted", "https://d1913pi70etn58.cloudfront.net/avatar/wonder-woman.png", 13 
14, "Karson", "https://d1913pi70etn58.cloudfront.net/avatar/batman.png", 14 
15, "Andres", "https://d1913pi70etn58.cloudfront.net/avatar/wonder-woman.png", 15 
16, "Bill", "https://d1913pi70etn58.cloudfront.net/avatar/batman.png", 16 
17, "Jevon", "https://d1913pi70etn58.cloudfront.net/avatar/wonder-woman.png", 17 
18, "Alfred", "https://d1913pi70etn58.cloudfront.net/avatar/batman.png", 18 
19, "Leslie", "https://d1913pi70etn58.cloudfront.net/avatar/wonder-woman.png", 19 
20, "Douglas", "https://d1913pi70etn58.cloudfront.net/avatar/batman.png", 20 
21, "Justina", "https://d1913pi70etn58.cloudfront.net/avatar/wonder-woman.png", 21 
22, "Harvey", "https://d1913pi70etn58.cloudfront.net/avatar/batman.png", 22 
23, "Federico", "https://d1913pi70etn58.cloudfront.net/avatar/wonder-woman.png", 23 
24, "Jerrold", "https://d1913pi70etn58.cloudfront.net/avatar/batman.png", 24 
25, "Gabriel", "https://d1913pi70etn58.cloudfront.net/avatar/wonder-woman.png", 25 
26, "Melisa", "https://d1913pi70etn58.cloudfront.net/avatar/batman.png", 26 
27, "Barbara", "https://d1913pi70etn58.cloudfront.net/avatar/wonder-woman.png", 27 
28, "Jordon", "https://d1913pi70etn58.cloudfront.net/avatar/batman.png", 28 
29, "Michaela", "https://d1913pi70etn58.cloudfront.net/avatar/wonder-woman.png", 29 
30, "Beulah", "https://d1913pi70etn58.cloudfront.net/avatar/batman.png", 30 
31, "Hazle", "https://d1913pi70etn58.cloudfront.net/avatar/wonder-woman.png", 31 
32, "Stefanie", "https://d1913pi70etn58.cloudfront.net/avatar/batman.png", 32 
33, "Josiah", "https://d1913pi70etn58.cloudfront.net/avatar/wonder-woman.png", 33 
34, "Darrion", "https://d1913pi70etn58.cloudfront.net/avatar/batman.png", 34 
35, "Avis", "https://d1913pi70etn58.cloudfront.net/avatar/wonder-woman.png", 35 
36, "Antoinette", "https://d1913pi70etn58.cloudfront.net/avatar/batman.png", 36 
37, "Damian", "https://d1913pi70etn58.cloudfront.net/avatar/wonder-woman.png", 37 
38, "Marina", "https://d1913pi70etn58.cloudfront.net/avatar/batman.png", 38 
39, "Callie", "https://d1913pi70etn58.cloudfront.net/avatar/wonder-woman.png", 39 
40, "Emmy", "https://d1913pi70etn58.cloudfront.net/avatar/batman.png", 40 
41, "Beth", "https://d1913pi70etn58.cloudfront.net/avatar/wonder-woman.png", 41 
42, "Webster", "https://d1913pi70etn58.cloudfront.net/avatar/batman.png", 42 
43, "Tressie", "https://d1913pi70etn58.cloudfront.net/avatar/wonder-woman.png", 43 
44, "Jon", "https://d1913pi70etn58.cloudfront.net/avatar/batman.png", 44 
45, "Alayna", "https://d1913pi70etn58.cloudfront.net/avatar/wonder-woman.png", 45 
46, "Bianka", "https://d1913pi70etn58.cloudfront.net/avatar/batman.png", 46 
47, "Murphy", "https://d1913pi70etn58.cloudfront.net/avatar/wonder-woman.png", 47 
48, "Taryn", "https://d1913pi70etn58.cloudfront.net/avatar/batman.png", 48 
49, "Wava", "https://d1913pi70etn58.cloudfront.net/avatar/wonder-woman.png", 49 
50, "Helen", "https://d1913pi70etn58.cloudfront.net/avatar/batman.png", 50 
51, "Carol", "https://d1913pi70etn58.cloudfront.net/avatar/wonder-woman.png", 51 
52, "Lennie", "https://d1913pi70etn58.cloudfront.net/avatar/batman.png", 52 
53, "Lenore", "https://d1913pi70etn58.cloudfront.net/avatar/wonder-woman.png", 53 
54, "Kade", "https://d1913pi70etn58.cloudfront.net/avatar/batman.png", 54 
55, "Annie", "https://d1913pi70etn58.cloudfront.net/avatar/wonder-woman.png", 55 
56, "Eleonore", "https://d1913pi70etn58.cloudfront.net/avatar/batman.png", 56 
57, "Oswald", "https://d1913pi70etn58.cloudfront.net/avatar/wonder-woman.png", 57 
58, "Alford", "https://d1913pi70etn58.cloudfront.net/avatar/batman.png", 58 
59, "Kristian", "https://d1913pi70etn58.cloudfront.net/avatar/wonder-woman.png", 59 
60, "Osborne", "https://d1913pi70etn58.cloudfront.net/avatar/batman.png", 60 
61, "Randall", "https://d1913pi70etn58.cloudfront.net/avatar/wonder-woman.png", 61 
62, "Estell", "https://d1913pi70etn58.cloudfront.net/avatar/batman.png", 62 
63, "George", "https://d1913pi70etn58.cloudfront.net/avatar/wonder-woman.png", 63 
64, "Corbin", "https://d1913pi70etn58.cloudfront.net/avatar/batman.png", 64 
65, "Nichole", "https://d1913pi70etn58.cloudfront.net/avatar/wonder-woman.png", 65 
66, "Gaetano", "https://d1913pi70etn58.cloudfront.net/avatar/batman.png", 66 
67, "Arianna", "https://d1913pi70etn58.cloudfront.net/avatar/wonder-woman.png", 67 
68, "Archibald", "https://d1913pi70etn58.cloudfront.net/avatar/batman.png", 68 
69, "Isadore", "https://d1913pi70etn58.cloudfront.net/avatar/wonder-woman.png", 69 
70, "Jonathan", "https://d1913pi70etn58.cloudfront.net/avatar/batman.png", 70 
71, "Celia", "https://d1913pi70etn58.cloudfront.net/avatar/wonder-woman.png", 71 
72, "Wayne", "https://d1913pi70etn58.cloudfront.net/avatar/batman.png", 72 
73, "Maritza", "https://d1913pi70etn58.cloudfront.net/avatar/wonder-woman.png", 73 
74, "Bridget", "https://d1913pi70etn58.cloudfront.net/avatar/batman.png", 74 
75, "Ransom", "https://d1913pi70etn58.cloudfront.net/avatar/wonder-woman.png", 75 
76, "Cordelia", "https://d1913pi70etn58.cloudfront.net/avatar/batman.png", 76 
77, "Angelita", "https://d1913pi70etn58.cloudfront.net/avatar/wonder-woman.png", 77 
78, "Frederick", "https://d1913pi70etn58.cloudfront.net/avatar/batman.png", 78 
79, "Angus", "https://d1913pi70etn58.cloudfront.net/avatar/wonder-woman.png", 79 
80, "Forrest", "https://d1913pi70etn58.cloudfront.net/avatar/batman.png", 80 
81, "Johann", "https://d1913pi70etn58.cloudfront.net/avatar/wonder-woman.png", 81 
82, "Otha", "https://d1913pi70etn58.cloudfront.net/avatar/batman.png", 82 
83, "Gay", "https://d1913pi70etn58.cloudfront.net/avatar/wonder-woman.png", 83 
84, "Claudine", "https://d1913pi70etn58.cloudfront.net/avatar/batman.png", 84 
85, "Enoch", "https://d1913pi70etn58.cloudfront.net/avatar/wonder-woman.png", 85 
86, "Timmy", "https://d1913pi70etn58.cloudfront.net/avatar/batman.png", 86 
87, "Mara", "https://d1913pi70etn58.cloudfront.net/avatar/wonder-woman.png", 87 
88, "Elwin", "https://d1913pi70etn58.cloudfront.net/avatar/batman.png", 88 
89, "Janet", "https://d1913pi70etn58.cloudfront.net/avatar/wonder-woman.png", 89 
90, "Kasandra", "https://d1913pi70etn58.cloudfront.net/avatar/batman.png", 90 
91, "Fay", "https://d1913pi70etn58.cloudfront.net/avatar/wonder-woman.png", 91 
92, "Karlee", "https://d1913pi70etn58.cloudfront.net/avatar/batman.png", 92 
93, "Art", "https://d1913pi70etn58.cloudfront.net/avatar/wonder-woman.png", 93 
94, "Electa", "https://d1913pi70etn58.cloudfront.net/avatar/batman.png", 94 
95, "Lyric", "https://d1913pi70etn58.cloudfront.net/avatar/wonder-woman.png", 95 
96, "Jamal", "https://d1913pi70etn58.cloudfront.net/avatar/batman.png", 96 
97, "Marion", "https://d1913pi70etn58.cloudfront.net/avatar/wonder-woman.png", 97 
98, "Alvena", "https://d1913pi70etn58.cloudfront.net/avatar/batman.png", 98 
99, "Halle", "https://d1913pi70etn58.cloudfront.net/avatar/wonder-woman.png", 99 
100, "Felipe", "https://d1913pi70etn58.cloudfront.net/avatar/wonder-woman.png,", 100 
